"1","[1] ""Fitting sieve""
[1] ""size: ""
[1] 5284   49
[1] ""Fitting sieve""
[1] ""size: ""
[1] 4716   49
"
"1",""
"1",""
"1",""
"1",""
"1",""
"1",""
"1",""
"1",""
"1",""
"1",""
"1",""
"1",""
"1",""
"1",""
"1",""
"1",""
"1",""
"1",""
"1",""
"1",""
"1",""
"1",""
"1",""
"1",""
"1",""
"1",""
"1",""
"1",""
"1",""
"1",""
"1",""
"1",""
"1",""
"1",""
"1",""
"1",""
"1",""
"1",""
"1",""
"1",""
"1",""
"1",""
"1",""
"1",""
"1",""
"1",""
"1",""
"1",""
"1",""
"1",""
"1",""
"1",""
"1","[1]"
"1"," ""PLUGIN"""
"1","
"
